,depth_min,depth_q1,depth_q5,depth_q25,depth_q50,depth_q75,depth_q95,depth_q99,depth_max,wwidth_min,wwidth_q1,wwidth_q5,wwidth_q25,wwidth_q50,wwidth_q75,wwidth_q95,wwidth_q99,wwidth_max,velocity_min,velocity_q1,velocity_q5,velocity_q25,velocity_q50,velocity_q75,velocity_q95,velocity_q99,velocity_max,rtime_min,rtime_q1,rtime_q5,rtime_q25,rtime_q50,rtime_q75,rtime_q95,rtime_q99,rtime_max,region
count,1117.0,1117.0,1117.0,1117.0,1117.0,1117.0,1117.0,1117.0,1117.0,1117.0,1117.0,1117.0,1117.0,1117.0,1117.0,1117.0,1117.0,1117.0,1117.0,1117.0,1117.0,1117.0,1117.0,1117.0,1117.0,1117.0,1117.0,1117.0,1117.0,1117.0,1117.0,1117.0,1117.0,1117.0,1117.0,1117.0,Catchment
mean,0.1229498657117279,0.14667681289167434,0.155997314234557,0.17673142345568466,0.20295792300805743,0.2522614145031335,0.43301969561324977,0.6445407341092203,1.2818236347359002,0.7978128916741275,0.8453375111906889,0.8638773500447614,0.9054010743061769,0.9578397493285588,1.056471799462847,1.41794538943599,1.8410062667860347,3.115543419874666,0.049572068039391244,0.05834198746642798,0.061259623992838054,0.06730707251566694,0.07454700089525512,0.0873777976723367,0.1280098478066247,0.1672605192479856,0.2600841539838853,-inf,-3713.277640107431,-1.0066947179946304,-0.01532139659803049,0.1287260519247988,0.3128737690241717,10.962089525514797,inf,inf,Catchment
std,0.0935803240761294,0.10865139549604642,0.11480594111213924,0.12858140186647082,0.14576544048616827,0.17763343126308884,0.29090706858170917,0.42065775576826253,0.7976061261597065,0.8091144169339013,0.816505959477491,0.8202636575628716,0.8294425873211038,0.8420869111165268,0.8689267833392963,0.9934474981612404,1.176143269378379,1.8221042861754768,0.055378086647655284,0.06152830569859395,0.06427603937310464,0.07048595829892794,0.07811203459413016,0.09178704983475419,0.13628047616039388,0.18093674806431256,0.2895135335381154,,123790.50455348312,11.601153667329456,0.7517151008515309,0.7435711250950843,2.636521529113311,143.6867199416825,,,Catchment
min,0.001,0.003,0.005,0.006999999999999999,0.008,0.01,0.02,0.032,0.07200000000000001,0.031,0.039,0.042,0.049,0.057999999999999996,0.075,0.146,0.24,0.344,-0.043,-0.005,-0.001,-0.0,0.0,0.0,0.0,0.0,0.001,-inf,-4137278.215,-204.419,-11.275,0.0,0.0,0.0,0.0,0.0,Catchment
1%,0.008,0.01,0.011000000000000001,0.013000000000000001,0.015,0.02016,0.03816,0.06215999999999999,0.14279999999999998,0.04916,0.06215999999999999,0.06632,0.07732,0.09132,0.11864,0.22876,0.31132000000000004,0.5191600000000001,-0.018840000000000003,-0.001,0.0,-0.0,0.0,0.001,0.001,0.001,0.004,-79430.9126,-21.596519999999998,-2.73832,0.0,0.003,0.003,0.003,0.004,0.004,Catchment
5%,0.013999999999999999,0.018000000000000002,0.019,0.022000000000000002,0.026000000000000002,0.034,0.066,0.1068,0.2358,0.1662,0.20199999999999999,0.2118,0.2228,0.23199999999999998,0.252,0.3292,0.4202,0.7362,-0.003,0.003,0.003,0.003,0.004,0.004,0.005000000000000001,0.005000000000000001,0.011800000000000005,-39.39059999999999,0.002,0.002,0.004,0.005000000000000001,0.005000000000000001,0.006,0.006,0.006999999999999999,Catchment
25%,0.039,0.049,0.053,0.061,0.07200000000000001,0.094,0.172,0.268,0.575,0.292,0.322,0.33299999999999996,0.35600000000000004,0.389,0.442,0.6859999999999999,0.971,1.633,0.013999999999999999,0.019,0.02,0.022000000000000002,0.024,0.027000000000000003,0.039,0.05,0.079,0.003,0.005,0.006,0.009000000000000001,0.011000000000000001,0.012,0.013000000000000001,0.013999999999999999,0.016,Catchment
50%,0.098,0.11900000000000001,0.127,0.145,0.168,0.212,0.368,0.5760000000000001,1.1540000000000001,0.509,0.589,0.617,0.68,0.752,0.904,1.239,1.6059999999999999,2.745,0.037000000000000005,0.043,0.045,0.049,0.054000000000000006,0.064,0.096,0.124,0.187,0.005,0.008,0.011000000000000001,0.016,0.02,0.022000000000000002,0.024,0.025,0.03,Catchment
75%,0.192,0.23,0.244,0.278,0.318,0.389,0.6559999999999999,0.978,1.867,1.071,1.097,1.1059999999999999,1.135,1.171,1.275,1.796,2.483,4.373,0.068,0.078,0.08199999999999999,0.09,0.1,0.11699999999999999,0.17300000000000001,0.23,0.353,0.01,0.018000000000000002,0.024,0.035,0.044000000000000004,0.048,0.052000000000000005,0.055,0.071,Catchment
95%,0.2932,0.34299999999999997,0.364,0.41020000000000006,0.4694000000000001,0.5722,0.9448000000000002,1.3606000000000003,2.6636,3.301,3.3492000000000006,3.370800000000001,3.4326000000000008,3.5144,3.6346000000000003,4.063400000000001,4.653600000000001,6.494800000000002,0.158,0.179,0.18720000000000003,0.20520000000000005,0.22620000000000004,0.26520000000000005,0.38560000000000016,0.49540000000000006,0.7556000000000004,0.03720000000000005,0.12060000000000012,0.1574000000000001,0.2064000000000001,0.287,0.3048000000000006,0.3540000000000002,0.377,30.378800000000215,Catchment
99%,0.35467999999999983,0.41100000000000003,0.4346799999999998,0.4908399999999999,0.5513599999999997,0.6657199999999994,1.10984,1.6230000000000002,3.03436,3.5151999999999997,3.60004,3.6368799999999992,3.7198799999999994,3.8257199999999996,4.024399999999999,4.741759999999998,5.5933199999999985,7.832319999999993,0.21683999999999992,0.245,0.25683999999999996,0.2851999999999996,0.3141999999999996,0.3643599999999997,0.5256799999999999,0.6865599999999992,1.072479999999998,0.08051999999999976,0.3047599999999988,0.3792799999999986,0.6711999999999853,2.2287999999999837,2.6868399999999997,6.2445599999999715,24.776159999999734,646028.1299599583,Catchment
max,0.406,0.469,0.49200000000000005,0.54,0.598,0.713,1.207,1.754,3.2430000000000003,4.886,4.947,4.974,5.033,5.1080000000000005,5.247000000000001,5.752000000000001,6.346,8.323,0.884,1.0,1.05,1.16,1.296,1.5430000000000001,2.38,3.275,5.692,0.314,0.887,1.335,2.0909999999999997,9.538,34.958,3284.998,inf,inf,Catchment
count,520.0,520.0,520.0,520.0,520.0,520.0,520.0,520.0,520.0,520.0,520.0,520.0,520.0,520.0,520.0,520.0,520.0,520.0,520.0,520.0,520.0,520.0,520.0,520.0,520.0,520.0,520.0,520.0,520.0,520.0,520.0,520.0,520.0,520.0,520.0,520.0,strahler1
mean,0.10951730769230777,0.13115961538461537,0.13927115384615393,0.1571788461538463,0.17971923076923102,0.22171538461538468,0.3733134615384616,0.5477096153846156,1.0701596153846151,0.41900769230769264,0.4623634615384618,0.4785442307692308,0.5143557692307689,0.559426923076923,0.6434403846153853,0.9465846153846147,1.295361538461538,2.3403,0.03166346153846149,0.03818653846153847,0.03992500000000008,0.0431461538461539,0.046775000000000025,0.05292115384615388,0.07087692307692313,0.08694807692307696,0.12452307692307703,-inf,-7976.41715192308,-2.1770980769230786,-0.05496538461538464,0.2500807692307694,0.6423653846153845,23.514357692307726,inf,inf,strahler1
std,0.09745926320791871,0.11292294294857794,0.11892406838422274,0.1322805330955604,0.14876589960648565,0.17900054292617998,0.2854833709992388,0.40766703410669225,0.7701260209563071,0.19492779142890396,0.22585455917329333,0.23788078077601316,0.26453000887017725,0.2975083659162024,0.3580057215071239,0.5709848340260123,0.8153213204317759,1.540242708647383,0.034697873138364956,0.03652525469821164,0.03762706347282057,0.04028455845505178,0.04349364170748187,0.048984755744930976,0.06513628994631913,0.07957347276918986,0.11023879950076466,,181430.84130133307,16.93612260689206,1.1007370182678553,1.0772943796203718,3.83963069649995,209.99816367291203,,,strahler1
min,0.001,0.003,0.005,0.006999999999999999,0.008,0.01,0.02,0.032,0.07200000000000001,0.20199999999999999,0.207,0.21,0.213,0.21600000000000003,0.221,0.239,0.264,0.344,-0.043,-0.005,-0.001,-0.0,0.0,0.0,0.0,0.0,0.001,-inf,-4137278.215,-204.419,-11.275,0.0,0.0,0.0,0.001,0.001,strahler1
1%,0.006999999999999999,0.009000000000000001,0.01,0.012,0.013999999999999999,0.018000000000000002,0.035,0.055999999999999994,0.12219,0.21419,0.21819,0.21918999999999997,0.22319,0.228,0.23619,0.27019000000000004,0.31138,0.44419000000000003,-0.026620000000000005,-0.001,0.0,0.0,0.0,0.0,0.0,0.001,0.002,-inf,-1181.98784,-119.69770999999999,-7.94767,0.0021900000000000005,0.0021900000000000005,0.0021900000000000005,0.0021900000000000005,0.00419,strahler1
5%,0.011000000000000001,0.014950000000000001,0.016,0.018000000000000002,0.021950000000000004,0.029900000000000003,0.057,0.0919,0.20595000000000002,0.22295,0.22899999999999998,0.23195,0.23695,0.24395,0.2589,0.313,0.38284999999999997,0.61195,-0.010049999999999998,0.0,0.001,0.001,0.001,0.002,0.002,0.003,0.006999999999999999,-2645.144749999999,0.001,0.003,0.005,0.007950000000000002,0.008,0.009000000000000001,0.009000000000000001,0.01,strahler1
25%,0.03275,0.040999999999999995,0.044000000000000004,0.051,0.06,0.07775,0.14400000000000002,0.21975,0.43575,0.265,0.282,0.289,0.30275,0.32075000000000004,0.355,0.48775,0.63925,1.0715000000000001,0.006999999999999999,0.009000000000000001,0.009000000000000001,0.011000000000000001,0.012,0.013999999999999999,0.019,0.022000000000000002,0.035,0.004,0.006999999999999999,0.008,0.011000000000000001,0.013000000000000001,0.013999999999999999,0.015,0.016,0.019,strahler1
50%,0.075,0.094,0.1,0.1145,0.1335,0.16849999999999998,0.2915,0.431,0.841,0.3495,0.387,0.4005,0.4295,0.4665,0.5365,0.7829999999999999,1.0625,1.8824999999999998,0.021500000000000002,0.026000000000000002,0.028499999999999998,0.031,0.0335,0.038,0.051500000000000004,0.0635,0.087,0.006999999999999999,0.013999999999999999,0.018000000000000002,0.0245,0.0295,0.032,0.035,0.037000000000000005,0.043,strahler1
75%,0.172,0.20625000000000002,0.21899999999999997,0.24625000000000002,0.27449999999999997,0.32899999999999996,0.531,0.81275,1.622,0.5435,0.61225,0.63825,0.692,0.7489999999999999,0.8587499999999999,1.263,1.8257500000000002,3.44475,0.053,0.06,0.062,0.067,0.073,0.08199999999999999,0.11,0.13425,0.19225000000000003,0.016,0.036250000000000004,0.04925,0.0695,0.091,0.10099999999999999,0.11425,0.12025,0.14850000000000002,strahler1
95%,0.30805,0.3591499999999998,0.3821999999999998,0.4300999999999999,0.48005,0.5921,0.9365999999999994,1.3441,2.6432,0.8160499999999999,0.9182999999999997,0.9653499999999996,1.0593,1.1601,1.3851499999999999,2.073199999999999,2.8891999999999998,5.4874,0.09204999999999995,0.10504999999999995,0.11,0.11804999999999996,0.128,0.145,0.196,0.23904999999999993,0.33799999999999997,0.05404999999999996,0.21404999999999993,0.25569999999999937,0.3584499999999996,0.5383999999999995,0.5747499999999993,0.6499499999999974,1.1941999999999955,1206.3823499999983,strahler1
99%,0.3716199999999999,0.43042999999999987,0.4514299999999999,0.4976199999999999,0.5688099999999999,0.6734799999999996,1.1004299999999998,1.6182399999999997,3.02543,0.9440499999999996,1.0610499999999998,1.1028599999999997,1.1960499999999998,1.337,1.5471499999999991,2.4014799999999994,3.43648,6.251479999999999,0.13423999999999978,0.15390999999999938,0.1589099999999994,0.16952999999999926,0.18233999999999922,0.20295999999999914,0.2653899999999989,0.32200999999999885,0.4498199999999988,0.10142999999999984,0.4009599999999991,0.5606599999999954,1.1138499999999953,7.542919999999955,27.495559999999777,829.2856299999839,inf,inf,strahler1
max,0.406,0.469,0.49200000000000005,0.54,0.598,0.7090000000000001,1.203,1.751,3.2239999999999998,1.012,1.138,1.183,1.2790000000000001,1.395,1.619,2.6060000000000003,3.702,6.648,0.18,0.19899999999999998,0.20600000000000002,0.221,0.237,0.266,0.349,0.425,0.599,0.314,0.887,1.335,2.0909999999999997,9.538,34.958,3284.998,inf,inf,strahler1
count,292.0,292.0,292.0,292.0,292.0,292.0,292.0,292.0,292.0,292.0,292.0,292.0,292.0,292.0,292.0,292.0,292.0,292.0,292.0,292.0,292.0,292.0,292.0,292.0,292.0,292.0,292.0,292.0,292.0,292.0,292.0,292.0,292.0,292.0,292.0,292.0,strahler2
mean,0.09667465753424653,0.11650342465753408,0.1242499999999999,0.14139383561643842,0.16313356164383558,0.20419863013698622,0.35489726027397256,0.5300753424657539,1.058575342465753,1.1933013698630144,1.233065068493151,1.2484315068493135,1.2827979452054805,1.32633904109589,1.4084417808219196,1.7098013698630141,2.0601883561643834,3.1171335616438363,0.04897602739726026,0.05722260273972603,0.060133561643835605,0.0660890410958904,0.07322945205479447,0.08581506849315068,0.12500342465753428,0.16165410958904125,0.24540068493150682,-0.26264726027397256,0.014520547945205456,0.018749999999999968,0.02745547945205477,0.03264383561643833,0.03652397260273969,0.04049657534246571,0.04274315068493144,0.23196575342465756,strahler2
std,0.07508286584746593,0.0882518069590101,0.09360417409995513,0.10541245629075927,0.12014369676841871,0.14725306640313926,0.2395755763057403,0.33879050254292015,0.6136383225219723,0.15010978204228964,0.17661461105314116,0.18717187674372907,0.21082336606650617,0.24025222596014056,0.2945073001870828,0.47904670685859957,0.6776186233895134,1.227271823951935,0.045102130464982966,0.05103480824211053,0.05330047713550485,0.05828616703649217,0.06425110818337307,0.07467413776668626,0.1066941061663526,0.13586391596015918,0.1971690373204671,3.6980761705405176,0.015473608694217008,0.019048387472227042,0.027123139157852076,0.03236746483336636,0.03634300285239437,0.04050001046096095,0.04279069720580232,1.605412055591632,strahler2
min,0.008,0.01,0.01,0.012,0.013999999999999999,0.019,0.036000000000000004,0.059000000000000004,0.136,1.015,1.0190000000000001,1.021,1.024,1.0290000000000001,1.038,1.073,1.1179999999999999,1.272,-0.006,0.002,0.002,0.003,0.003,0.004,0.005,0.006999999999999999,0.013000000000000001,-60.901,0.001,0.001,0.001,0.002,0.002,0.002,0.002,0.003,strahler2
1%,0.008910000000000001,0.010910000000000001,0.01191,0.013909999999999999,0.01591,0.02091,0.03982,0.06564,0.15245999999999998,1.0169100000000002,1.02182,1.02291,1.02691,1.03182,1.04173,1.08055,1.13046,1.3058299999999998,-0.0010899999999999998,0.004,0.005,0.005,0.006,0.006999999999999999,0.01,0.013999999999999999,0.021,-0.21838999999999986,0.00191,0.002,0.003,0.00391,0.004,0.00491,0.005,0.00591,strahler2
5%,0.012550000000000002,0.016100000000000003,0.017550000000000003,0.0201,0.024100000000000003,0.031650000000000005,0.0631,0.1023,0.23375,1.0256500000000002,1.03265,1.0352,1.0412,1.0482,1.06275,1.1261999999999999,1.2046000000000001,1.4674999999999998,0.005,0.008,0.008,0.009000000000000001,0.01,0.012,0.017,0.021,0.035,0.002,0.002,0.003,0.004550000000000001,0.005,0.006,0.006,0.006999999999999999,0.008,strahler2
25%,0.032,0.04,0.04375,0.051,0.06075,0.078,0.151,0.24575000000000002,0.556,1.064,1.081,1.087,1.1025,1.1215000000000002,1.15675,1.30175,1.4925,2.112,0.017,0.021,0.022000000000000002,0.02475,0.027999999999999997,0.03275,0.051750000000000004,0.067,0.11275,0.003,0.005,0.006,0.009000000000000001,0.010750000000000001,0.011750000000000002,0.013000000000000001,0.013000000000000001,0.015,strahler2
50%,0.077,0.095,0.10099999999999999,0.1165,0.1345,0.16949999999999998,0.3135,0.4755,0.9410000000000001,1.1540000000000001,1.1895,1.2025000000000001,1.233,1.2690000000000001,1.3385,1.6275,1.9505,2.8810000000000002,0.03,0.035,0.037000000000000005,0.040999999999999995,0.0465,0.055,0.083,0.108,0.171,0.0065,0.01,0.013000000000000001,0.02,0.024,0.027000000000000003,0.03,0.032,0.037000000000000005,strahler2
75%,0.15925,0.19025000000000003,0.20325,0.22825,0.2605,0.327,0.56225,0.8027500000000001,1.52625,1.3179999999999998,1.3815,1.40625,1.45675,1.5210000000000001,1.6542500000000002,2.1254999999999997,2.6054999999999997,4.05275,0.07525,0.08449999999999999,0.0885,0.09625,0.1055,0.12225,0.18,0.23224999999999998,0.34199999999999997,0.01,0.016,0.02125,0.033,0.04,0.04425,0.05,0.053,0.06425,strahler2
95%,0.22989999999999997,0.27390000000000003,0.29179999999999995,0.33045,0.376,0.4610000000000001,0.7641499999999999,1.1272499999999999,2.0921499999999984,1.4602500000000003,1.54825,1.5831499999999998,1.6614499999999999,1.7530000000000001,1.92245,2.5284,3.2544999999999997,5.183849999999996,0.147,0.16834999999999994,0.17579999999999996,0.19269999999999993,0.2125999999999999,0.24739999999999984,0.3517499999999998,0.44514999999999993,0.6668999999999998,0.028999999999999998,0.049449999999999994,0.06044999999999999,0.083,0.10144999999999998,0.11244999999999998,0.12434999999999997,0.13189999999999996,0.20324999999999993,strahler2
99%,0.2696299999999998,0.31462999999999985,0.33280999999999983,0.37489999999999973,0.42607999999999974,0.5213499999999996,0.8549799999999994,1.2673299999999992,2.4576699999999936,1.5391699999999997,1.6284399999999994,1.6655299999999997,1.7487999999999995,1.8530699999999996,2.0436099999999993,2.710779999999999,3.5346599999999984,5.914429999999987,0.18116999999999966,0.20734999999999965,0.21743999999999963,0.2375299999999996,0.2617999999999995,0.30506999999999945,0.43414999999999915,0.5502299999999989,0.829419999999999,0.05126999999999992,0.08308999999999998,0.09108999999999998,0.11916999999999968,0.14407999999999974,0.16380999999999976,0.1853599999999999,0.1972699999999999,6.527959999999879,strahler2
max,0.322,0.379,0.40299999999999997,0.456,0.523,0.65,1.11,1.6230000000000002,3.02,1.643,1.758,1.805,1.912,2.046,2.3,3.22,4.246,7.04,0.201,0.23,0.24,0.263,0.29100000000000004,0.33899999999999997,0.485,0.617,0.899,0.062,0.085,0.114,0.174,0.207,0.23,0.254,0.268,20.029,strahler2
count,235.0,235.0,235.0,235.0,235.0,235.0,235.0,235.0,235.0,235.0,235.0,235.0,235.0,235.0,235.0,235.0,235.0,235.0,235.0,235.0,235.0,235.0,235.0,235.0,235.0,235.0,235.0,235.0,235.0,235.0,235.0,235.0,235.0,235.0,235.0,235.0,strahler3
mean,0.1688595744680851,0.20013191489361706,0.21296170212765955,0.24181702127659574,0.27848085106382986,0.3478680851063829,0.6060297872340424,0.9138255319148936,1.8398085106382984,0.3377361702127659,0.400344680851064,0.42585106382978727,0.4837276595744682,0.5569404255319147,0.6957617021276596,1.2120638297872337,1.8277106382978725,3.679540425531916,0.07470638297872337,0.08714893617021284,0.09163404255319146,0.10155319148936172,0.11371063829787241,0.13561276595744676,0.20673191489361717,0.276472340425532,0.43877872340425567,-0.001489361702127657,0.005574468085106376,0.007608510638297858,0.01222978723404253,0.014868085106382966,0.01687659574468082,0.018902127659574438,0.020021276595744656,0.06071489361702126,strahler3
std,0.09104738049798382,0.10579663023244053,0.1120019966114606,0.1259872997926299,0.1434921997318599,0.17614061630450115,0.29144667741388913,0.41956923293501597,0.7674704604214858,0.18208347435954395,0.21150441066354314,0.22392195476501744,0.2519476659316983,0.28701095281192,0.35234329519987184,0.5828564279189744,0.8390926375398148,1.5349460503979602,0.058788871135104136,0.06529151550336902,0.06811762475280532,0.07420588375739023,0.08150807005832961,0.0942419545116719,0.1326993599492209,0.16735576223947418,0.23694487524389773,0.05835130578095896,0.002616063795086043,0.0037175852485201374,0.006209859643514019,0.00765520621635682,0.008760688533168812,0.009970201100460988,0.010541512082989679,0.4993774239284042,strahler3
min,0.016,0.019,0.021,0.024,0.028999999999999998,0.038,0.073,0.12,0.285,0.031,0.039,0.042,0.049,0.057999999999999996,0.075,0.146,0.24,0.5710000000000001,-0.004,0.026000000000000002,0.027000000000000003,0.031,0.035,0.042,0.068,0.09300000000000001,0.158,-0.846,0.0,0.0,0.0,0.0,0.0,0.0,0.0,0.0,strahler3
1%,0.01702,0.02102,0.023020000000000002,0.027020000000000002,0.0317,0.04104,0.07908,0.12980000000000003,0.31065999999999994,0.03436,0.043039999999999995,0.046040000000000005,0.05338,0.06306,0.08208,0.15849999999999997,0.25960000000000005,0.62166,0.0006799999999999997,0.027000000000000003,0.028999999999999998,0.032,0.037000000000000005,0.045,0.07134,0.099,0.16768,0.00033999999999999986,0.002,0.002,0.003,0.004,0.004,0.004,0.00434,0.005,strahler3
5%,0.025,0.031,0.0337,0.0387,0.0464,0.0604,0.11750000000000002,0.19240000000000002,0.46730000000000005,0.0497,0.0627,0.0674,0.0784,0.09240000000000001,0.1208,0.23470000000000002,0.38580000000000003,0.9346000000000001,0.023,0.031,0.033,0.037700000000000004,0.0427,0.052700000000000004,0.0861,0.11870000000000001,0.19399999999999998,0.001,0.002,0.002,0.003,0.004,0.004,0.005,0.005,0.006,strahler3
25%,0.0915,0.112,0.12,0.1375,0.16,0.20700000000000002,0.3855,0.618,1.287,0.1825,0.22349999999999998,0.2405,0.275,0.319,0.41400000000000003,0.771,1.2365,2.574,0.0345,0.041499999999999995,0.044000000000000004,0.0495,0.055499999999999994,0.068,0.111,0.157,0.2665,0.002,0.003,0.005,0.006999999999999999,0.008,0.009000000000000001,0.01,0.01,0.011000000000000001,strahler3
50%,0.172,0.204,0.217,0.24600000000000002,0.282,0.35,0.606,0.9420000000000001,1.9240000000000002,0.345,0.408,0.434,0.49200000000000005,0.564,0.701,1.213,1.8840000000000001,3.8489999999999998,0.048,0.055999999999999994,0.059000000000000004,0.066,0.076,0.095,0.154,0.21600000000000003,0.368,0.003,0.005,0.008,0.012,0.015,0.018000000000000002,0.02,0.021,0.024,strahler3
75%,0.245,0.2875,0.305,0.3485,0.39849999999999997,0.491,0.8465,1.2590000000000001,2.4805,0.489,0.575,0.6105,0.6975,0.7969999999999999,0.982,1.6935,2.5180000000000002,4.961,0.1005,0.112,0.116,0.126,0.14,0.1655,0.2485,0.3345,0.5425,0.004,0.006999999999999999,0.0105,0.017,0.021,0.0235,0.026500000000000003,0.027999999999999997,0.0335,strahler3
95%,0.321,0.3758999999999999,0.39849999999999997,0.45009999999999983,0.5143999999999999,0.6356999999999999,1.0802,1.5683999999999996,2.9503999999999997,0.6413,0.7510999999999999,0.7967,0.8998999999999997,1.0284999999999997,1.2716999999999996,2.1604,3.1364,5.9014999999999995,0.2003,0.22659999999999997,0.23759999999999998,0.2603,0.28800000000000003,0.3363,0.4942,0.6303000000000001,0.9514999999999998,0.006,0.01,0.013299999999999984,0.022000000000000002,0.027000000000000003,0.031,0.035,0.037000000000000005,0.04719999999999993,strahler3
99%,0.3369599999999999,0.39627999999999997,0.42162,0.47964000000000007,0.552,0.6906199999999999,1.1755,1.7101,3.16378,0.6736,0.7915599999999999,0.84324,0.9589400000000001,1.10466,1.38156,2.351,3.41986,6.32756,0.22729999999999997,0.25664,0.26864,0.29464,0.3262999999999999,0.38095999999999997,0.54894,0.69894,1.0438,0.006999999999999999,0.012,0.016,0.026000000000000002,0.032,0.036000000000000004,0.040999999999999995,0.043,0.20499999999999996,strahler3
max,0.353,0.415,0.441,0.5,0.574,0.713,1.207,1.754,3.2430000000000003,0.705,0.8290000000000001,0.8809999999999999,0.9990000000000001,1.148,1.426,2.4130000000000003,3.509,6.486000000000001,0.28300000000000003,0.32,0.335,0.368,0.408,0.479,0.701,0.91,1.361,0.006999999999999999,0.012,0.017,0.027000000000000003,0.033,0.038,0.043,0.045,7.642,strahler3
count,63.0,63.0,63.0,63.0,63.0,63.0,63.0,63.0,63.0,63.0,63.0,63.0,63.0,63.0,63.0,63.0,63.0,63.0,63.0,63.0,63.0,63.0,63.0,63.0,63.0,63.0,63.0,63.0,63.0,63.0,63.0,63.0,63.0,63.0,63.0,63.0,strahler4
mean,0.18430158730158724,0.21547619047619046,0.229,0.25942857142857145,0.29799999999999993,0.3708730158730159,0.6424126984126985,0.9683492063492063,1.9735238095238095,3.368714285714286,3.431079365079366,3.457873015873016,3.5187619047619045,3.595793650793652,3.7417460317460303,4.2848412698412695,4.936714285714286,6.94711111111111,0.08215873015873015,0.09496825396825395,0.10033333333333332,0.11231746031746033,0.12726984126984128,0.1547777777777778,0.24838095238095242,0.3473650793650794,0.5967142857142858,0.0020952380952380966,0.003730158730158733,0.005301587301587305,0.0087936507936508,0.010936507936507944,0.01246031746031747,0.01400000000000001,0.014888888888888901,0.017333333333333343,strahler4
std,0.058476528216700296,0.06717595027188582,0.07097887009526144,0.07937268447945207,0.08998637889756857,0.1096302424815537,0.17709971994300683,0.25073390076193414,0.44240803152683283,0.11712736775193788,0.13440697725592318,0.1419009754750044,0.1589060093755683,0.1802130601699321,0.21943196228605494,0.3540030164965887,0.5013560781028702,0.8848782331231779,0.05845020112253438,0.065222193000584,0.06795040886202325,0.07378386601262205,0.08075075278770376,0.09285393393171333,0.12842965045193955,0.1581013661759036,0.20003325760349314,0.0006147195981354402,0.0010807158500697165,0.0014879615915408112,0.0025850608663123753,0.00321725697567301,0.003753816968510494,0.004246440634757081,0.004501294118975089,0.005379171299649023,strahler4
min,0.038,0.046,0.05,0.057999999999999996,0.069,0.09,0.17800000000000002,0.303,0.853,3.076,3.092,3.0989999999999998,3.116,3.137,3.18,3.3560000000000003,3.6060000000000003,4.706,0.044000000000000004,0.052000000000000005,0.055,0.062,0.071,0.08800000000000001,0.145,0.207,0.373,0.001,0.001,0.001,0.002,0.003,0.003,0.003,0.003,0.004,strahler4
1%,0.03986,0.04786,0.05186,0.06048,0.07210000000000001,0.09434,0.18730000000000002,0.31726,0.853,3.0791000000000004,3.0963399999999996,3.10334,3.1209599999999997,3.1432,3.18806,3.3746,3.6351400000000003,4.706,0.04462,0.052000000000000005,0.055,0.06262,0.07162,0.08800000000000001,0.14561999999999997,0.20823999999999998,0.37485999999999997,0.001,0.001,0.00162,0.002,0.003,0.003,0.00362,0.00362,0.004,strahler4
5%,0.051199999999999996,0.0623,0.06730000000000001,0.0785,0.09269999999999999,0.1212,0.23859999999999998,0.40370000000000006,1.1083,3.1024,3.1245999999999996,3.1347,3.156,3.1853,3.2423,3.4779999999999998,3.8083,5.2158,0.0481,0.05609999999999999,0.0601,0.068,0.07709999999999999,0.0952,0.1582,0.22640000000000002,0.40869999999999995,0.001,0.0011,0.002,0.003,0.0031,0.004,0.004,0.0041,0.005,strahler4
25%,0.162,0.189,0.20049999999999998,0.22599999999999998,0.26,0.323,0.5555,0.8475,1.6955,3.3235,3.3785000000000003,3.401,3.4515,3.52,3.6449999999999996,4.111,4.695,6.3915,0.056499999999999995,0.066,0.07,0.079,0.091,0.11199999999999999,0.1885,0.273,0.46699999999999997,0.002,0.003,0.005,0.008,0.01,0.011000000000000001,0.012,0.013000000000000001,0.015,strahler4
50%,0.192,0.22399999999999998,0.23800000000000002,0.27,0.31,0.384,0.657,1.002,2.069,3.383,3.448,3.4760000000000004,3.5389999999999997,3.6189999999999998,3.7680000000000002,4.314,5.005,7.1370000000000005,0.063,0.07400000000000001,0.078,0.08800000000000001,0.1,0.125,0.209,0.295,0.5429999999999999,0.002,0.004,0.006,0.009000000000000001,0.012,0.013000000000000001,0.015,0.016,0.018000000000000002,strahler4
75%,0.22349999999999998,0.2595,0.276,0.312,0.35850000000000004,0.444,0.7575,1.1230000000000002,2.2725,3.447,3.5195,3.5515,3.624,3.7165,3.8884999999999996,4.5145,5.245,7.545,0.075,0.088,0.093,0.10400000000000001,0.1195,0.14750000000000002,0.2505,0.352,0.653,0.002,0.004,0.006,0.01,0.013000000000000001,0.015,0.017,0.018000000000000002,0.021,strahler4
95%,0.2598,0.30269999999999997,0.3217,0.36369999999999997,0.4166000000000001,0.5175,0.8882,1.3228,2.5934,3.5195999999999996,3.6055,3.6425,3.7273000000000005,3.8333,4.035,4.7754,5.6456,8.1868,0.23009999999999997,0.2618,0.2746,0.30219999999999997,0.33569999999999994,0.39649999999999996,0.5900999999999998,0.7653999999999997,1.0659999999999996,0.003,0.005,0.006999999999999999,0.012,0.015,0.017,0.019,0.020900000000000002,0.024,strahler4
99%,0.26476,0.30876000000000003,0.32776,0.37076000000000003,0.42513999999999996,0.52752,0.9052800000000001,1.3494199999999998,2.6496,3.53014,3.6175200000000003,3.6555199999999997,3.74128,3.8502800000000006,4.05504,4.80994,5.698840000000001,8.298200000000001,0.2915400000000001,0.32906000000000013,0.3448200000000001,0.37872000000000017,0.42062000000000016,0.4944200000000002,0.7253400000000001,0.9367000000000003,1.3031800000000002,0.003,0.006,0.008,0.013000000000000001,0.016,0.019,0.021,0.022000000000000002,0.026000000000000002,strahler4
max,0.266,0.31,0.32899999999999996,0.37200000000000005,0.42700000000000005,0.53,0.909,1.355,2.662,3.532,3.62,3.658,3.745,3.8539999999999996,4.06,4.8180000000000005,5.71,8.323,0.312,0.35200000000000004,0.369,0.406,0.451,0.531,0.7829999999999999,1.008,1.341,0.003,0.006,0.008,0.013000000000000001,0.016,0.019,0.021,0.022000000000000002,0.026000000000000002,strahler4
count,7.0,7.0,7.0,7.0,7.0,7.0,7.0,7.0,7.0,7.0,7.0,7.0,7.0,7.0,7.0,7.0,7.0,7.0,7.0,7.0,7.0,7.0,7.0,7.0,7.0,7.0,7.0,7.0,7.0,7.0,7.0,7.0,7.0,7.0,7.0,7.0,strahler5
mean,0.12342857142857143,0.1442857142857143,0.15342857142857144,0.174,0.19971428571428573,0.24914285714285714,0.43442857142857144,0.658,1.3604285714285715,4.747428571428571,4.788428571428571,4.8064285714285715,4.847571428571428,4.899714285714286,4.998714285714286,5.368428571428572,5.816571428571428,7.220428571428571,0.26771428571428574,0.3055714285714286,0.3217142857142857,0.3581428571428571,0.4032857142857143,0.48628571428571427,0.7714285714285715,1.0798571428571428,1.914142857142857,0.0008571428571428572,0.0014285714285714288,0.002285714285714286,0.0032857142857142855,0.004285714285714286,0.004857142857142858,0.005571428571428572,0.0061428571428571435,0.006714285714285714,strahler5
std,0.06239619951796514,0.07106737246142866,0.07481500995312179,0.08296987405076617,0.09321787075755072,0.11201700551170578,0.1776371368294152,0.2532600771275778,0.4854097434617676,0.12462056697947467,0.14188123806298591,0.1495513926635893,0.16603398963551325,0.18665897092979875,0.22394546530030798,0.35516421419903665,0.5063466721337787,0.9707211850205077,0.279817032055898,0.31471725783781285,0.32969618048829663,0.36247916196264696,0.40283731798569106,0.475456873012935,0.7190152657495892,0.9776455439083274,1.677763633389343,0.0003779644730092272,0.0007867957924694431,0.0011126972805283737,0.0017994708216848747,0.0022886885410853173,0.002734262327610589,0.0031547394428670258,0.0034364987719368986,0.003903600291794133,strahler5
min,0.023,0.027999999999999997,0.03,0.035,0.040999999999999995,0.053,0.102,0.163,0.36700000000000005,4.547,4.556,4.56,4.57,4.582,4.607,4.704,4.827,5.234,0.10400000000000001,0.122,0.13,0.14800000000000002,0.171,0.214,0.369,0.544,1.018,0.0,0.0,0.0,0.0,0.0,0.0,0.0,0.0,0.0,strahler5
1%,0.025819999999999996,0.03142,0.03371999999999999,0.03938,0.04621999999999999,0.05995999999999999,0.11615999999999999,0.18694,0.4192,4.552639999999999,4.5629,4.5674399999999995,4.5786999999999995,4.59244,4.62086,4.73226,4.87482,5.3384,0.10454,0.12265999999999999,0.13072,0.14878000000000002,0.1719,0.21519999999999997,0.3711,0.547,1.0231,6e-05,6e-05,0.00012,0.00012,0.00017999999999999998,0.00017999999999999998,0.00017999999999999998,0.00024,0.00024,strahler5
5%,0.03710000000000001,0.0451,0.048600000000000004,0.056900000000000006,0.06709999999999999,0.08779999999999999,0.1728,0.2827,0.6280000000000001,4.5752,4.5905000000000005,4.5972,4.6135,4.6342,4.6763,4.8453,5.0661000000000005,5.756,0.10670000000000002,0.1253,0.1336,0.15190000000000003,0.17550000000000002,0.22,0.37949999999999995,0.559,1.0435,0.00030000000000000003,0.00030000000000000003,0.0006000000000000001,0.0006000000000000001,0.0009000000000000002,0.0009000000000000002,0.0009000000000000002,0.0012000000000000001,0.0012000000000000001,strahler5
25%,0.0825,0.0995,0.107,0.1245,0.14650000000000002,0.19,0.3625,0.5795,1.2745,4.6655,4.699,4.7135,4.748,4.793,4.8805,5.2245,5.6594999999999995,7.0485,0.121,0.14250000000000002,0.152,0.173,0.2,0.25149999999999995,0.4345,0.6355,1.1665,0.001,0.001,0.002,0.0025,0.0035,0.0035,0.004,0.0045000000000000005,0.0045000000000000005,strahler5
50%,0.147,0.171,0.182,0.20600000000000002,0.23600000000000002,0.294,0.505,0.753,1.499,4.794,4.842,4.863,4.9110000000000005,4.9719999999999995,5.087,5.5089999999999995,6.006,7.497000000000001,0.138,0.161,0.171,0.19399999999999998,0.222,0.275,0.465,0.679,1.284,0.001,0.002,0.003,0.004,0.005,0.006,0.006999999999999999,0.006999999999999999,0.008,strahler5
75%,0.16799999999999998,0.194,0.2055,0.2305,0.262,0.32199999999999995,0.5415,0.804,1.637,4.837,4.888,4.9105,4.9615,5.025,5.1445,5.5825,6.109,7.7735,0.253,0.2855,0.2985,0.3295,0.367,0.4345,0.6585000000000001,0.895,1.536,0.001,0.002,0.003,0.0045000000000000005,0.0055,0.0065,0.0075,0.0085,0.009500000000000001,strahler5
95%,0.18879999999999997,0.21889999999999998,0.23159999999999997,0.2607,0.29679999999999995,0.36429999999999996,0.6115999999999999,0.9023,1.7989,4.8779,4.9371,4.9632000000000005,5.021000000000001,5.0939,5.2296000000000005,5.7229,6.3049,8.0978,0.7057999999999995,0.7977999999999995,0.8369999999999995,0.9238999999999994,1.0310999999999995,1.2249999999999992,1.8771999999999986,2.5693999999999986,4.460199999999997,0.001,0.002,0.003,0.005,0.006699999999999999,0.007699999999999999,0.0087,0.0097,0.010700000000000001,strahler5
99%,0.19216,0.22297999999999996,0.23591999999999996,0.26574,0.30256,0.37126,0.62312,0.9188599999999999,1.8269799999999998,4.88438,4.94502,4.971839999999999,5.030600000000001,5.105180000000001,5.24352,5.746180000000001,6.33778,8.15396,0.8483599999999998,0.9595599999999996,1.0073999999999996,1.1127799999999997,1.2430199999999996,1.4793999999999996,2.2794399999999992,3.1338799999999987,5.445639999999998,0.001,0.002,0.003,0.005,0.006939999999999998,0.00794,0.008940000000000002,0.00994,0.01094,strahler5
max,0.193,0.22399999999999998,0.237,0.267,0.304,0.373,0.626,0.9229999999999999,1.834,4.886,4.947,4.974,5.033,5.1080000000000005,5.247000000000001,5.752000000000001,6.346,8.168,0.884,1.0,1.05,1.16,1.296,1.5430000000000001,2.38,3.275,5.692,0.001,0.002,0.003,0.005,0.006999999999999999,0.008,0.009000000000000001,0.01,0.011000000000000001,strahler5
